<?xml version="1.0" encoding="UTF-8" ?>
<!DOCTYPE mapper PUBLIC "-//mybatis.org//DTD Mapper 3.0//EN" "http://mybatis.org/dtd/mybatis-3-mapper.dtd" >
<mapper namespace="com.lamp.dao.TLampCommonMapper" >

    <select id="getAreaNameForSelect" resultType="java.util.Map">
        select a.id,a.areaName cname from area_manage a
        left join sys_user u on a.createby = u.id
        left join organization o on o.id = u.org_id
        where o.org_code like  CONCAT('%',#{orgCode},'%') and a.delFlag = 0
        order by str_to_date(a.operTime,'%Y-%m-%d %H:%i:%s') desc
    </select>

    <select id="getRoadNameForSelect" parameterType="java.util.HashMap" resultType="java.util.Map">
      select r.id,r.road_name cname from road_manage r
      left join sys_user u on r.createby = u.id
      left join organization o on o.id = u.org_id
      where o.org_code like CONCAT('%',#{orgCode},'%') and r.del_flag = 0
      <if test="areaId != null and areaId != '' ">
        and r.area_id = #{areaId}
      </if>
      order by str_to_date(r.oper_time,'%Y-%m-%d %H:%i:%s') desc
    </select>

    <select id="queryRoadLineMap" resultType="java.util.Map">
        select rm.id, rm.cname from roadline_manage rm
        left join sys_user u on rm.createby = u.id
        left join organization o on o.id = u.org_id
        where o.org_code like CONCAT('%',#{orgCode},'%') and rm.del_flag = 0
        <if test="roadId != null and '' != roadId ">
            and rm.road_id = #{roadId}
        </if>
        order by str_to_date(rm.oper_time,'%Y-%m-%d %H:%i:%s') desc
    </select>

    <select id="getRoadLineNameForSelect" parameterType="java.util.HashMap" resultType="java.util.Map">
        select rm.id, rm.cname from roadline_manage rm
        left join sys_user u on rm.createby = u.id
        left join organization o on o.id = u.org_id
        where o.org_code like CONCAT('%',#{orgCode},'%') and rm.del_flag = 0
        <if test="roadId != null and '' != roadId ">
            and rm.road_id = #{roadId}
        </if>
        order by str_to_date(rm.oper_time,'%Y-%m-%d %H:%i:%s') desc
    </select>

    <select id="getLampNumForSelect" parameterType="java.util.HashMap" resultType="java.util.Map">
        select l.id,l.lampnum cname from lamp l
        left join sys_user u on u.id = l.createby
        left join organization o on o.id = u.org_id
        where o.org_code like CONCAT('%',#{orgCode},'%') and l.delflag = 0
        <if test="lineId != null and '' != lineId ">
            and l.roadline_id = #{lineId}
        </if>
        order by str_to_date(l.opertime,'%Y-%m-%d %H:%i:%s') desc
    </select>

    <select id="getGroupNameForSelect" parameterType="java.util.HashMap" resultType="java.util.Map">
        select pg.id,pg.group_name cname from plan_group_manage pg
        left join sys_user u on u.id = pg.createby
        left join organization o on u.org_id = o.id
        where o.org_code like CONCAT('%',#{orgCode},'%') and pg.delFlag = 0
        <if test="null != areaId and '' != areaId ">
            and pg.area_id = #{areaId}
        </if>
        order by id desc
    </select>

    <select id="getPlanContentForSelect" resultType="java.util.Map">
        select id,cname from plan_content_manage where de_flag = 0
    </select>

    <select id="getMenuBtnByUser" parameterType="java.util.HashMap" resultType="java.util.Map">
        select lb.style_css from lamp_btn_list l
        left join lamp_menu_btn lb on l.btn_id = lb.id
        where l.role_id = #{roleId} and l.menu_id = #{menuId}
    </select>

    <select id="getDistributionBoxForSelect" resultType="java.util.Map">
        select e.id,e.name cname from elecbox_manage e
        left join sys_user u on e.createby = u.id
        left join organization o on o.id = u.org_id
        where  e.del_flag = 0 and o.org_code like CONCAT('%',#{orgCode},'%')
    </select>

    <select id="getDimmingModelForSelect" resultType="java.util.Map">
        select id,dimminName cname from dimmingmode t
    </select>

    <select id="getControllerKindForSelect" resultType="java.util.Map">
        select id,kindname cname from controllerkind
        where delflag = 0
    </select>

    <select id="getConcentratorForSelect" parameterType="java.util.HashMap" resultType="java.util.Map">
        select c.id,concentratorname cname from concentrator c
        left join sys_user u on c.createby = u.id
        left join organization o on u.org_id = o.id
        where o.org_code like CONCAT('%',#{orgCode},'%') and c.del_flag = 0;
    </select>

    <select id="getMenuDataForSelect" resultType="java.util.Map">
        select id,cname from lamp_menu where pid != 0
    </select>

    <select id="getRepairPeopleForSelect" parameterType="java.util.HashMap" resultType="java.util.Map">
        select p.id,p.name cname from repair_people p
        left join sys_user u on p.createby = u.id
        left join organization o on u.org_id = o.id
        where o.org_code like CONCAT('%',#{orgCode},'%') and o.del_flag = 0
    </select>

    <select id="getBuildStandardForSelect" parameterType="java.util.HashMap" resultType="java.util.Map">
        select b.id,buildname cname from buildstandard b
        left join sys_user su on b.createby = su.id
        left join organization o on o.id = su.org_id
        where state = 0 and o.del_flag = 0 and o.org_code like CONCAT('%',#{orgCode},'%')
    </select>

    <select id="getDeviceTypeDataForSelect" resultType="java.util.Map">
        select catId id,catName cname from category
    </select>

    <select id="getControllerNumDataForSelect" resultType="java.util.Map">
        select c.id,nm.nb_code cname from controller c
        left join nbiot_manage nm on c.nboit_manage_id = nm.id
        left join sys_user u on c.createby = u.id
        left join organization o on u.org_id = o.id
        where o.org_code like CONCAT('%',#{orgCode},'%') and o.del_flag = 0 and c.delflag = 0
    </select>

    <select id="getLampTypeDataForSelect" parameterType="java.util.HashMap" resultType="java.util.Map">
        select l.id,lampModel cname from lamptype l
        left join sys_user u on l.createby = u.id
        left join organization o on u.org_id = o.id
        where o.org_code like CONCAT('%',#{orgCode},'%') and l.delflag = 0 and o.del_flag = 0
        <if test=" null != typeId and  '' != typeId">
            and l.lamptypename = #{typeId}
        </if>
    </select>

</mapper>