<?xml version="1.0" encoding="UTF-8" ?>
<!DOCTYPE mapper PUBLIC "-//mybatis.org//DTD Mapper 3.0//EN" "http://mybatis.org/dtd/mybatis-3-mapper.dtd" >
<mapper namespace="com.lamp.dao.TrecwarnMapper" >
  <resultMap id="BaseResultMap" type="com.lamp.model.Trecwarn" >
    <id column="id" property="id" jdbcType="INTEGER" />
    <result column="type_id" property="typeId" jdbcType="INTEGER" />
    <result column="warn_value" property="warnValue" jdbcType="VARCHAR" />
    <result column="nb_device" property="nbDevice" jdbcType="VARCHAR" />
    <result column="warn_time" property="warnTime" jdbcType="VARCHAR" />
    <result column="warn_content_id" property="warnId" jdbcType="INTEGER" />
    <result column="ordernum" property="ordernum" jdbcType="VARCHAR" />
    <result column="deal_flag" property="dealFlag" jdbcType="INTEGER" />
  </resultMap>
  <sql id="Base_Column_List" >
    id, type_id, warn_value, nb_device, warn_time,warn_content_id,ordernum,deal_flag
  </sql>

  <select id="selectByPrimaryKey" resultMap="BaseResultMap" parameterType="java.lang.Integer" >
    select 
    <include refid="Base_Column_List" />
    from record_warn
    where id = #{id,jdbcType=INTEGER}
  </select>
  <delete id="deleteByPrimaryKey" parameterType="java.lang.Integer" >
    delete from record_warn
    where id = #{id,jdbcType=INTEGER}
  </delete>
  <insert id="insert" parameterType="com.lamp.model.Trecwarn" >
    insert into record_warn (id, type_id, warn_value, 
      nb_device, warn_time)
    values (#{id,jdbcType=INTEGER}, #{typeId,jdbcType=INTEGER}, #{warnValue,jdbcType=VARCHAR}, 
      #{nbDevice,jdbcType=VARCHAR}, #{warnTime,jdbcType=VARCHAR})
  </insert>
  <insert id="insertSelective" parameterType="com.lamp.model.Trecwarn" >
    insert into record_warn
    <trim prefix="(" suffix=")" suffixOverrides="," >
      <if test="id != null" >
        id,
      </if>
      <if test="typeId != null" >
        type_id,
      </if>
      <if test="warnValue != null" >
        warn_value,
      </if>
      <if test="nbDevice != null" >
        nb_device,
      </if>
      <if test="warnTime != null" >
        warn_time,
      </if>
    </trim>
    <trim prefix="values (" suffix=")" suffixOverrides="," >
      <if test="id != null" >
        #{id,jdbcType=INTEGER},
      </if>
      <if test="typeId != null" >
        #{typeId,jdbcType=INTEGER},
      </if>
      <if test="warnValue != null" >
        #{warnValue,jdbcType=VARCHAR},
      </if>
      <if test="nbDevice != null" >
        #{nbDevice,jdbcType=VARCHAR},
      </if>
      <if test="warnTime != null" >
        #{warnTime,jdbcType=VARCHAR},
      </if>
    </trim>
  </insert>
  <update id="updateByPrimaryKeySelective" parameterType="com.lamp.model.Trecwarn" >
    update record_warn
    <set >
      <if test="typeId != null" >
        type_id = #{typeId,jdbcType=INTEGER},
      </if>
      <if test="warnValue != null" >
        warn_value = #{warnValue,jdbcType=VARCHAR},
      </if>
      <if test="nbDevice != null" >
        nb_device = #{nbDevice,jdbcType=VARCHAR},
      </if>
      <if test="warnTime != null" >
        warn_time = #{warnTime,jdbcType=VARCHAR},
      </if>
    </set>
    where id = #{id,jdbcType=INTEGER}
  </update>
  <update id="updateByPrimaryKey" parameterType="com.lamp.model.Trecwarn" >
    update record_warn
    set type_id = #{typeId,jdbcType=INTEGER},
      warn_value = #{warnValue,jdbcType=VARCHAR},
      nb_device = #{nbDevice,jdbcType=VARCHAR},
      warn_time = #{warnTime,jdbcType=VARCHAR}
    where id = #{id,jdbcType=INTEGER}
  </update>
</mapper>