<?xml version="1.0" encoding="UTF-8"?>
<beans xmlns="http://www.springframework.org/schema/beans"
       xmlns:xsi="http://www.w3.org/2001/XMLSchema-instance"
       xmlns:context="http://www.springframework.org/schema/context"
       xsi:schemaLocation="http://www.springframework.org/schema/beans
        http://www.springframework.org/schema/beans/spring-beans.xsd http://www.springframework.org/schema/context http://www.springframework.org/schema/context/spring-context.xsd">

    <!--配置整合mybatis过程
    1.配置数据库相关参数-->
    <context:property-placeholder location="classpath:jdbc.properties" ignore-unresolvable="true"/>

    <!--2.数据库连接池-->
    <bean id="dataSource"
          class="org.springframework.jdbc.datasource.DriverManagerDataSource">
        <property name="driverClassName" value="com.mysql.jdbc.Driver"></property>
        <property name="url" value="${jdbc.url}"></property>
        <property name="username" value="${jdbc.username}"></property>
        <property name="password" value="${jdbc.password}"></property>
    </bean>
    <!--约定大于配置-->
    <!--３.配置SqlSessionFactory对象-->
    <bean id="sqlSessionFactory" class="org.mybatis.spring.SqlSessionFactoryBean">
        <!--往下才是mybatis和spring真正整合的配置-->
        <!--注入数据库连接池-->
        <property name="dataSource" ref="dataSource"/>
        <property name="configLocation" value="classpath:mybatis_config.xml"></property>
        <!--扫描sql配置文件:mapper需要的xml文件-->
        <property name="mapperLocations" value="classpath:mapper/*.xml"/>
    </bean>

    <!--４:配置扫描Dao接口包,动态实现DAO接口,注入到spring容器-->
    <bean class="org.mybatis.spring.mapper.MapperScannerConfigurer">
        <!--注入SqlSessionFactory-->
        <property name="sqlSessionFactoryBeanName" value="sqlSessionFactory"/>
        <!-- 给出需要扫描的Dao接口-->
        <property name="basePackage" value="com.*.dao"/>

    </bean>
<!--<bean class="org.mybatis.spring.mapper.MapperScannerConfigurer">-->
    <!--<property name="basePackage" value="com.*.dao"/>-->

<!--</bean>-->



</beans>