<?xml version="1.0" encoding="UTF-8"?>
<beans xmlns="http://www.springframework.org/schema/beans"
       xmlns:xsi="http://www.w3.org/2001/XMLSchema-instance"
       xmlns:context="http://www.springframework.org/schema/context"
       xmlns:tx="http://www.springframework.org/schema/tx"
       xmlns:task="http://www.springframework.org/schema/task"
       xsi:schemaLocation="http://www.springframework.org/schema/beans
        http://www.springframework.org/schema/beans/spring-beans.xsd
        http://www.springframework.org/schema/context http://www.springframework.org/schema/context/spring-context.xsd
        http://www.springframework.org/schema/tx
        http://www.springframework.org/schema/tx/spring-tx.xsd
        http://www.springframework.org/schema/task
        http://www.springframework.org/schema/task/spring-task-3.0.xsd">

    <!--扫描service包下所有使用注解的类型-->
    <context:component-scan base-package="com.*.service"/>

	<task:executor id="executor" pool-size="50" />
    <task:scheduler id="scheduler" pool-size="50" />
    <task:annotation-driven executor="executor" scheduler="scheduler" />

    <!--配置事务管理器-->
    <!--<bean id="transactionManager" class="org.springframework.jdbc.datasource.DataSourceTransactionManager">-->
        <!--&lt;!&ndash;注入数据库连接池&ndash;&gt;-->
        <!--<property name="dataSource" ref="dataSource"/>-->

    <!--</bean>-->

    <!--配置基于注解的声明式事务
    默认使用注解来管理事务行为-->
    <!--<tx:annotation-driven transaction-manager="transactionManager"/>-->



</beans>